{"cameraMode":{"drawMode":0,"name":"Shaded","section":"Shading Mode"},"sceneLighting":true,"audioPlay":false,"sceneViewState":{"showFog":true,"showMaterialUpdate":false,"showSkybox":true,"showFlares":true,"showImageEffects":true,"showParticleSystems":true},"in2DMode":false,"pivot":{"x":-927.0519409179688,"y":-1064.180908203125,"z":444.5579528808594},"rotation":{"x":-0.2608017921447754,"y":0.6120498776435852,"z":-0.21991807222366334,"w":-0.7139635682106018},"size":982.4442138671875,"orthographic":false}