{"cameraMode":{"drawMode":0,"name":"Shaded","section":"Shading Mode"},"sceneLighting":true,"audioPlay":false,"sceneViewState":{"showFog":true,"showMaterialUpdate":false,"showSkybox":true,"showFlares":true,"showImageEffects":true,"showParticleSystems":true},"in2DMode":false,"pivot":{"x":210.78282165527345,"y":25.062421798706056,"z":461.3202819824219},"rotation":{"x":0.13742154836654664,"y":0.5473368167877197,"z":-0.09540851414203644,"w":0.8204600811004639},"size":3.8445522785186769,"orthographic":false}