{"cameraMode":{"drawMode":0,"name":"Shaded","section":"Shading Mode"},"sceneLighting":true,"audioPlay":false,"sceneViewState":{"showFog":true,"showMaterialUpdate":false,"showSkybox":true,"showFlares":true,"showImageEffects":true,"showParticleSystems":true},"in2DMode":false,"pivot":{"x":0.6239960193634033,"y":-9.853368759155274,"z":-18.92339515686035},"rotation":{"x":-0.004816162399947643,"y":-0.9886593818664551,"z":0.146701380610466,"w":-0.03234844282269478},"size":26.860279083251954,"orthographic":false}